title,text,date
,"Produto √© bonito e rapido tanto para ligar ou reiniciar, tem um bom tempo de resposta, √© meu primeiro xiaomi, migrando depois de anos na motorola iria pegar o edge 50 pro, mais o meu moto g73 estufou a bateria depois de 2 anos de uso e junto estragou o doc de carga, foi o primeiro moto que tive problema mais pelo valor que paguei no lan√ßamento esperava mais qualidade. Depois de um tempo de uso no poco x7 pro volto para reavaliar.",16 mar. 2025
,Estou adorando üòä.,14 mar. 2025
,"Aparelho √© sensacional!!!.
A mem√≥ria √© coisa de doido, super indico.
S√≥ preciso citar que a caixa veio com um amassadinho, mas nada que comprometesse o aparelho.
Deve ter sido ao embalar mesmo.",17 mar. 2025
,"Aparelho √≥timo, bate de frente com aparelhos com o dobro do pre√ßo.
A bateria dura quase 2 dias (s√≥ configurar a tela para 60 fps).",09 mai. 2025
,"Poco x7 pro aparelho espetacular, comprem sem medo, recomendo!.",06 mai. 2025
,"Nossa. Me surpreendeu. Excelente acabamento, velocidade, c√¢mera, tela. Aparelho maravilhoso. Recomendo demais!!!!.",24 mar. 2025
,"Perfeito aparelho, muito lindo e 100% funcional, tudo funcionando perfeitamente, carregamento de v√≠deos muito r√°pido, mas a bateria est√° durando s√≥ um dia, achei que fosse durar um pouquinho mais. Mas est√° √≥timo, estou bastante satisfeito.",27 mai. 2025
,Celular excelente!.,23 mar. 2025
,Celular do momento.,21 mar. 2025
